unit_id,name,S,P,V,INC,TOUR_acc,TOUR_ski,z_pop,z_cars,z_cars_income,z_cars_income_tour,z,p_two,q_fdr,lisa,lisa_p,border_band,dist_no_km,dist_fi_km
SE_0180,Stockholm,988943.0,60,358597.0,406.8,216.0,6.0,-1.338,-1.81,-2.896,-4.326,-4.326,1.69587356883081e-05,0.004918033349609349,LL,0.001,interior,305.923,113.362
SE_2034,Orsa,6908.0,2,4447.0,307.9,52.0,14.0,-1.486,-1.563,-2.075,-2.617,-2.617,0.022654554715305662,0.9927053949436064,ns,0.748,interior,77.778,238.521
SE_1498,Tidaholm,12839.0,1,7737.0,337.6,11.0,1.0,-2.118,-2.257,-2.525,-2.446,-2.446,0.008537295238045407,0.8252718730110559,ns,0.845,interior,143.818,363.76
SE_0184,Solna,85426.0,8,57138.0,434.0,18.0,0.0,-2.207,-3.126,-2.518,-2.365,-2.365,0.017337687508853013,0.9927053949436064,LL,0.001,interior,317.411,113.558
SE_0885,Borgholm,10748.0,6,6708.0,301.2,193.0,0.0,-0.168,-0.245,-1.011,-2.12,-2.12,0.048398072687563326,0.9927053949436064,ns,0.276,interior,360.781,319.884
SE_1473,Töreboda,9141.0,2,5306.0,302.8,8.0,0.0,-1.602,-1.61,-2.271,-2.021,-2.021,0.06287490296983042,0.9927053949436064,ns,0.216,interior,131.542,314.469
SE_0584,Vadstena,7434.0,1,4181.0,332.4,15.0,2.0,-1.764,-1.709,-1.821,-1.953,-1.953,0.04592152958725318,0.9927053949436064,ns,0.249,interior,177.379,308.328
SE_1281,Lund,130288.0,20,46153.0,326.4,36.0,0.0,-0.921,-0.622,-2.108,-1.831,-1.831,0.07900395547823813,0.9927053949436064,ns,0.347,interior,357.069,595.623
SE_0181,Södertälje,102519.0,22,59203.0,332.0,22.0,1.0,-0.237,-0.844,-2.455,-1.681,-1.681,0.09838328602034599,0.9927053949436064,ns,0.3,interior,284.419,138.731
SE_1864,Ljusnarsberg,4407.0,2,2626.0,279.9,8.0,4.0,-1.053,-0.963,-1.715,-1.667,-1.667,0.17577559337180004,0.9927053949436064,LL,0.027,interior,122.732,219.528
SE_1760,Storfors,3801.0,1,2482.0,319.2,7.0,1.0,-1.499,-1.493,-1.642,-1.622,-1.622,0.17644383605910907,0.9927053949436064,ns,0.367,interior,103.402,272.541
SE_0183,Sundbyberg,55912.0,2,14299.0,415.5,3.0,0.0,-3.36,-2.708,-2.014,-1.61,-1.61,0.10053640936445213,0.9927053949436064,LL,0.003,interior,315.669,114.919
SE_1884,Nora,10627.0,3,5979.0,333.7,27.0,0.0,-1.174,-1.153,-1.309,-1.564,-1.564,0.12497831254618896,0.9927053949436064,ns,0.121,interior,131.939,236.19
SE_0642,Mullsjö,7577.0,2,4142.0,345.4,11.0,2.0,-1.583,-1.492,-1.425,-1.518,-1.518,0.24450174697360133,0.9927053949436064,ns,0.72,interior,156.376,388.877
SE_1284,Höganäs,28193.0,6,15249.0,362.1,26.0,0.0,-1.254,-1.393,-1.348,-1.515,-1.515,0.1320148687222855,0.9927053949436064,ns,0.826,interior,291.975,582.815
SE_1266,Hörby,15585.0,4,9163.0,329.9,8.0,0.0,-1.241,-1.36,-1.758,-1.436,-1.436,0.17433885020433626,0.9927053949436064,ns,0.874,interior,348.64,563.827
SE_0488,Trosa,14885.0,2,7874.0,381.5,9.0,2.0,-1.838,-1.83,-1.405,-1.43,-1.43,0.11936090389931492,0.9927053949436064,ns,0.277,interior,302.385,164.498
SE_0182,Nacka,110633.0,10,52733.0,449.6,13.0,3.0,-2.274,-2.68,-1.548,-1.426,-1.426,0.20479299543904686,0.9927053949436064,LL,0.001,interior,327.406,103.448
SE_1421,Orust,15333.0,5,9776.0,343.6,20.0,0.0,-0.971,-1.197,-1.342,-1.425,-1.425,0.22241734679969388,0.9927053949436064,ns,0.294,interior,64.88,473.494
SE_1766,Sunne,13366.0,5,8794.0,328.7,18.0,3.0,-0.724,-0.95,-1.313,-1.385,-1.385,0.19778580386978312,0.9927053949436064,ns,0.213,Norway,5.162,321.951
SE_2181,Sandviken,38628.0,15,21394.0,330.8,134.0,14.0,0.383,0.234,-0.258,-1.373,-1.373,0.1486936344473328,0.9927053949436064,ns,0.569,interior,196.05,122.488
SE_1407,Öckerö,12819.0,2,5998.0,390.0,22.0,0.0,-1.816,-1.628,-1.065,-1.362,-1.362,0.18261250368009146,0.9927053949436064,LH,0.046,interior,119.424,510.606
SE_2029,Leksand,16043.0,6,10071.0,328.1,28.0,3.0,-0.501,-0.693,-1.094,-1.313,-1.313,0.176186981991728,0.9927053949436064,ns,0.169,interior,98.344,200.771
SE_2085,Ludvika,26402.0,9,14623.0,335.6,33.0,8.0,-0.49,-0.604,-0.988,-1.31,-1.31,0.2529277070167275,0.9927053949436064,ns,0.257,interior,86.98,215.036
SE_1763,Forshaga,11538.0,3,6572.0,340.1,4.0,1.0,-1.461,-1.485,-1.599,-1.283,-1.283,0.3091327723167206,0.9927053949436064,ns,0.143,interior,60.528,308.729
SE_1487,Vänersborg,40012.0,11,21559.0,341.8,35.0,0.0,-0.518,-0.696,-1.122,-1.274,-1.274,0.20807863339042082,0.9927053949436064,ns,0.312,interior,42.573,410.208
SE_0482,Flen,15668.0,6,8226.0,297.7,9.0,2.0,-0.644,-0.567,-1.56,-1.214,-1.214,0.29723865934533944,0.9927053949436064,ns,0.825,interior,244.565,171.758
SE_0128,Salem,17451.0,1,6901.0,401.4,1.0,0.0,-2.527,-2.225,-1.613,-1.197,-1.197,0.19063083065680456,0.9927053949436064,LL,0.003,interior,299.058,134.891
SE_1461,Mellerud,9165.0,5,5403.0,306.2,26.0,0.0,-0.387,-0.363,-0.937,-1.123,-1.123,0.3695595055689326,0.9927053949436064,ns,0.162,interior,34.008,393.761
SE_0484,Eskilstuna,107468.0,23,49576.0,326.4,22.0,2.0,-0.203,-0.327,-1.769,-1.097,-1.097,0.29387794485744123,0.9927053949436064,ns,0.303,interior,209.825,163.005
SE_1446,Karlsborg,7061.0,3,4281.0,340.3,26.0,2.0,-0.808,-0.795,-0.743,-1.07,-1.07,0.3291300606885615,0.9927053949436064,ns,0.634,interior,149.398,305.296
SE_1438,Dals-Ed,4606.0,2,2904.0,315.4,13.0,0.0,-0.812,-0.778,-0.994,-1.065,-1.065,0.28869686462158106,0.9927053949436064,ns,0.581,Norway,0.0,420.192
SE_1439,Färgelanda,6434.0,2,4023.0,318.1,5.0,1.0,-0.974,-0.988,-1.27,-1.062,-1.062,0.225186385066066,0.9927053949436064,ns,0.397,interior,18.374,428.562
SE_0126,Huddinge,113920.0,13,39182.0,380.0,18.0,3.0,-1.635,-1.353,-1.237,-1.045,-1.045,0.2607314931511693,0.9927053949436064,LL,0.001,interior,315.44,119.227
SE_1960,Kungsör,8643.0,2,4956.0,327.0,2.0,0.0,-1.338,-1.312,-1.531,-1.034,-1.034,0.26985047072331036,0.9927053949436064,ns,0.695,interior,202.093,186.544
SE_1961,Hallstahammar,16654.0,4,8970.0,335.9,6.0,1.0,-1.116,-1.119,-1.372,-1.027,-1.027,0.2352892462933659,0.9927053949436064,ns,0.596,interior,207.025,173.221
SE_1256,Östra Göinge,14331.0,5,7674.0,311.2,6.0,0.0,-0.857,-0.807,-1.464,-0.991,-0.991,0.40737687082405777,0.9927053949436064,ns,0.262,interior,313.311,503.371
SE_2061,Smedjebacken,10913.0,4,6857.0,344.9,19.0,1.0,-0.731,-0.844,-0.818,-0.98,-0.98,0.30556315522513605,0.9927053949436064,ns,0.228,interior,145.163,184.623
SE_1280,Malmö,362133.0,51,126890.0,330.7,45.0,1.0,0.021,0.213,-1.785,-0.967,-0.967,0.35996087947578265,0.9927053949436064,ns,0.741,interior,371.671,619.746
SE_2409,Robertsfors,6740.0,3,4011.0,331.7,18.0,0.0,-0.751,-0.705,-0.758,-0.927,-0.927,0.3988082580512558,0.9927053949436064,ns,0.359,interior,296.582,49.74
SE_1497,Hjo,9258.0,3,5521.0,339.5,12.0,0.0,-0.882,-0.898,-0.919,-0.921,-0.921,0.2910465959490564,0.9927053949436064,ns,0.166,interior,152.423,337.175
SE_0481,Oxelösund,12106.0,3,5988.0,336.9,5.0,0.0,-1.278,-1.118,-1.219,-0.918,-0.918,0.3538497870101879,0.9927053949436064,ns,0.14,interior,298.374,200.199
SE_1233,Vellinge,37738.0,6,20458.0,435.3,13.0,0.0,-1.771,-2.026,-0.879,-0.909,-0.909,0.47723999718203153,0.9927053949436064,ns,0.759,interior,384.92,628.065
SE_0163,Sollentuna,76790.0,11,39482.0,421.3,13.0,6.0,-1.491,-1.855,-0.938,-0.898,-0.898,0.3955108972402725,0.9927053949436064,ns,0.138,interior,307.086,108.518
SE_0617,Gnosjö,9246.0,3,5414.0,353.0,16.0,0.0,-0.942,-0.937,-0.753,-0.895,-0.895,0.3361395209956567,0.9927053949436064,ns,0.238,interior,198.777,434.718
SE_0138,Tyresö,49173.0,5,17963.0,407.5,4.0,0.0,-2.334,-2.063,-1.37,-0.895,-0.895,0.4441221676771848,0.9927053949436064,LL,0.001,interior,334.007,107.528
SE_0884,Vimmerby,15461.0,6,9184.0,338.0,30.0,1.0,-0.384,-0.477,-0.607,-0.888,-0.888,0.3134074537926588,0.9927053949436064,ns,0.476,interior,256.567,310.914
SE_1265,Sjöbo,19437.0,7,11951.0,332.6,13.0,0.0,-0.513,-0.722,-1.101,-0.88,-0.88,0.40026057754453237,0.9927053949436064,ns,0.059,interior,371.019,577.136
SE_2583,Haparanda,9177.0,5,5269.0,297.3,21.0,0.0,-0.096,-0.019,-0.734,-0.802,-0.802,0.3600168109940225,0.9927053949436064,ns,0.634,Finland,270.144,0.0
SE_1383,Varberg,68325.0,19,37434.0,362.9,68.0,0.0,0.06,-0.268,-0.201,-0.776,-0.776,0.43072506586073744,0.9927053949436064,ns,0.201,interior,176.908,496.713
SE_1293,Hässleholm,52241.0,17,28079.0,317.4,24.0,0.0,0.204,0.013,-1.153,-0.772,-0.772,0.42396996570313816,0.9927053949436064,ns,0.818,interior,300.546,521.561
SE_1484,Lysekil,13969.0,5,7750.0,337.7,20.0,0.0,-0.562,-0.539,-0.636,-0.755,-0.755,0.3648065950033249,0.9927053949436064,ns,0.469,interior,42.569,474.112
SE_0582,Söderköping,14867.0,6,8245.0,352.9,31.0,0.0,-0.571,-0.561,-0.395,-0.74,-0.74,0.562051692680061,0.9927053949436064,ns,0.989,interior,256.002,226.454
SE_0187,Vaxholm,11817.0,2,5210.0,431.6,9.0,0.0,-1.842,-1.576,-0.597,-0.732,-0.732,0.5710250749297954,0.9927053949436064,ns,0.081,interior,325.568,96.859
SE_1782,Filipstad,10034.0,6,5541.0,288.4,21.0,1.0,0.102,0.233,-0.689,-0.724,-0.724,0.4275645334024486,0.9927053949436064,LL,0.016,interior,76.299,261.99
SE_0188,Norrtälje,65770.0,23,35148.0,333.1,88.0,2.0,0.734,0.534,-0.036,-0.713,-0.713,0.4283822339081313,0.9927053949436064,ns,0.487,interior,313.548,11.581
SE_1880,Örebro,159348.0,32,69410.0,340.9,38.0,6.0,0.101,0.025,-0.941,-0.708,-0.708,0.4870142747962365,0.9927053949436064,ns,0.737,interior,149.364,222.693
SE_2283,Sollefteå,18523.0,10,11318.0,307.1,26.0,8.0,0.413,0.277,-0.553,-0.707,-0.707,0.451137099888843,0.9927053949436064,ns,0.687,interior,98.544,129.54
SE_1783,Hagfors,11536.0,7,7223.0,303.9,19.0,4.0,0.158,0.078,-0.626,-0.685,-0.685,0.5141840839311704,0.9927053949436064,LL,0.044,interior,34.731,284.304
SE_0560,Boxholm,5523.0,2,3257.0,342.1,4.0,0.0,-1.027,-0.954,-0.85,-0.678,-0.678,0.5378532164678296,0.9927053949436064,ns,0.052,interior,200.761,317.877
SE_1270,Tomelilla,13660.0,7,8275.0,309.7,15.0,1.0,-0.049,-0.126,-0.782,-0.663,-0.663,0.5241236323382661,0.9927053949436064,ns,0.057,interior,374.922,568.882
SE_1885,Lindesberg,23292.0,10,13320.0,326.2,27.0,0.0,-0.006,-0.111,-0.587,-0.662,-0.662,0.5568096482121954,0.9927053949436064,LL,0.037,interior,139.411,209.276
SE_2104,Hofors,9374.0,4,5500.0,336.0,7.0,1.0,-0.742,-0.733,-0.794,-0.649,-0.649,0.6275417709744177,0.9927053949436064,ns,0.365,interior,192.922,136.426
SE_1445,Essunga,5656.0,2,3620.0,325.7,0.0,0.0,-1.165,-1.189,-1.336,-0.642,-0.642,0.6539263424547107,0.9927053949436064,ns,0.945,interior,90.519,424.572
SE_1286,Ystad,31911.0,10,16580.0,347.7,31.0,0.0,-0.325,-0.361,-0.445,-0.636,-0.636,0.4658546250681308,0.9927053949436064,ns,0.155,interior,392.949,595.055
SE_1715,Kil,12085.0,4,7058.0,348.3,4.0,2.0,-0.88,-0.919,-0.852,-0.592,-0.592,0.5489717578433735,0.9927053949436064,ns,0.174,interior,52.092,328.706
SE_1430,Munkedal,10502.0,5,6533.0,331.7,12.0,1.0,-0.398,-0.474,-0.625,-0.588,-0.588,0.588328631570944,0.9927053949436064,ns,0.461,interior,10.87,445.522
SE_1762,Munkfors,3669.0,2,2260.0,306.1,5.0,0.0,-0.56,-0.464,-0.737,-0.578,-0.578,0.529272530047413,0.9927053949436064,LL,0.033,interior,54.811,309.265
SE_0192,Nynäshamn,30311.0,7,12884.0,346.1,12.0,0.0,-0.953,-0.688,-0.794,-0.574,-0.574,0.47114478568977947,0.9927053949436064,LL,0.013,interior,317.163,136.705
SE_1282,Landskrona,47134.0,12,20549.0,320.6,12.0,0.0,-0.459,-0.274,-1.189,-0.573,-0.573,0.4882056113177955,0.9927053949436064,ns,0.312,interior,333.293,599.358
SE_1277,Åstorp,16458.0,5,8511.0,325.4,3.0,0.0,-0.91,-0.838,-1.241,-0.572,-0.572,0.5850988723582262,0.9927053949436064,ns,0.585,interior,312.435,574.89
SE_1492,Åmål,12006.0,7,6565.0,311.5,32.0,4.0,0.111,0.227,-0.248,-0.57,-0.57,0.588807613922297,0.9927053949436064,ns,0.185,interior,36.632,381.38
SE_1283,Helsingborg,151306.0,31,66804.0,341.1,36.0,0.0,0.087,-0.008,-0.951,-0.555,-0.555,0.6021173055771972,0.9927053949436064,ns,0.504,interior,304.893,581.876
SE_0563,Valdemarsvik,7541.0,5,4300.0,303.6,23.0,0.0,-0.014,0.107,-0.382,-0.553,-0.553,0.6079616350511958,0.9927053949436064,ns,0.849,interior,270.783,235.459
SE_2518,Övertorneå,4088.0,3,2581.0,296.4,14.0,5.0,-0.019,0.06,-0.391,-0.551,-0.551,0.4717168708769488,0.9927053949436064,ns,0.877,Finland,185.146,0.0
SE_2560,Älvsbyn,7783.0,4,5048.0,328.9,10.0,1.0,-0.392,-0.465,-0.594,-0.55,-0.55,0.5760557680235475,0.9927053949436064,ns,0.592,interior,210.817,123.591
SE_2161,Ljusdal,18538.0,12,11106.0,312.9,68.0,16.0,0.831,0.758,0.181,-0.547,-0.547,0.5936287919951748,0.9927053949436064,ns,0.225,interior,88.103,200.088
SE_1083,Sölvesborg,17475.0,9,10162.0,333.1,44.0,0.0,0.129,0.074,-0.1,-0.531,-0.531,0.661442091337889,0.9927053949436064,ns,0.682,interior,348.659,509.637
SE_0980,Gotland,61029.0,29,36964.0,321.2,123.0,0.0,1.556,1.166,0.378,-0.509,-0.509,0.6286794556655848,0.9927053949436064,ns,0.607,interior,408.549,165.461
SE_1444,Grästorp,5563.0,2,3514.0,339.3,1.0,0.0,-1.006,-1.009,-0.955,-0.505,-0.505,0.6352898536339167,0.9927053949436064,ns,0.947,interior,76.934,413.338
SE_1904,Skinnskatteberg,4348.0,2,2504.0,309.0,4.0,1.0,-0.567,-0.417,-0.681,-0.503,-0.503,0.4770487509717235,0.9927053949436064,ns,0.561,interior,164.935,183.827
SE_2183,Bollnäs,26414.0,12,15617.0,312.9,13.0,4.0,0.255,0.075,-0.816,-0.488,-0.488,0.6866179798263032,0.9927053949436064,ns,0.512,interior,168.527,163.519
SE_2580,Luleå,79352.0,22,41902.0,373.0,81.0,5.0,0.183,-0.103,0.309,-0.486,-0.486,0.6682509036102566,0.9927053949436064,ns,0.989,interior,250.365,60.115
SE_0162,Danderyd,32419.0,3,17952.0,502.6,1.0,0.0,-2.384,-2.649,-0.891,-0.437,-0.437,0.660935100263891,0.9927053949436064,LL,0.001,interior,317.365,108.329
SE_1814,Lekeberg,8606.0,3,5005.0,359.7,5.0,0.0,-0.917,-0.89,-0.599,-0.426,-0.426,0.662570530006938,0.9927053949436064,ns,0.645,interior,149.586,261.044
SE_1275,Perstorp,7323.0,3,3546.0,293.6,3.0,0.0,-0.566,-0.265,-0.901,-0.412,-0.412,0.5244938539686016,0.9927053949436064,ns,0.89,interior,310.252,552.137
SE_2321,Åre,12464.0,9,7372.0,349.4,197.0,91.0,0.702,0.73,1.078,-0.41,-0.41,0.6465021669650227,0.9927053949436064,ns,0.149,Norway,0.0,312.372
SE_1427,Sotenäs,9052.0,4,5352.0,355.7,24.0,0.0,-0.419,-0.398,-0.103,-0.409,-0.409,0.5641951307073612,0.9927053949436064,ns,0.356,interior,42.345,479.427
SE_0136,Haninge,99751.0,18,35714.0,366.2,43.0,1.0,-0.677,-0.297,-0.126,-0.406,-0.406,0.6425747383118294,0.9927053949436064,LL,0.001,interior,323.982,106.262
SE_1272,Bromölla,12498.0,5,6913.0,326.8,7.0,0.0,-0.496,-0.444,-0.701,-0.395,-0.395,0.6349859525048129,0.9927053949436064,ns,0.726,interior,341.486,511.235
SE_2460,Vännäs,9059.0,4,5128.0,353.0,10.0,2.0,-0.627,-0.559,-0.324,-0.383,-0.383,0.7566323657971566,0.9927053949436064,ns,0.296,interior,257.12,69.109
SE_0882,Oskarshamn,26918.0,10,14865.0,355.1,24.0,1.0,-0.267,-0.365,-0.245,-0.382,-0.382,0.8163910858732395,0.9927053949436064,ns,0.361,interior,303.618,307.573
SE_1465,Svenljunga,10759.0,6,6290.0,322.2,22.0,1.0,0.019,0.049,-0.21,-0.378,-0.378,0.6508753942245143,0.9927053949436064,ns,0.201,interior,162.517,448.772
SE_0186,Lidingö,48324.0,6,18303.0,449.0,8.0,1.0,-2.063,-1.818,-0.423,-0.376,-0.376,0.8339682138700979,0.9927053949436064,LL,0.001,interior,324.354,105.321
SE_2582,Boden,27943.0,12,16857.0,355.6,48.0,6.0,0.224,-0.01,0.181,-0.368,-0.368,0.7227039658291315,0.9927053949436064,ns,0.497,interior,207.501,67.49
SE_1081,Ronneby,29021.0,15,16726.0,316.0,41.0,0.0,0.692,0.567,-0.164,-0.367,-0.367,0.8037513445270791,0.9927053949436064,ns,0.405,interior,339.05,455.503
SE_2132,Nordanstig,9370.0,7,5864.0,307.6,26.0,8.0,0.466,0.447,-0.046,-0.349,-0.349,0.7086144017749189,0.9927053949436064,ns,0.1,interior,193.085,185.06
SE_1863,Hällefors,6495.0,5,3538.0,291.2,18.0,6.0,0.255,0.474,-0.162,-0.344,-0.344,0.6769707971107627,0.9927053949436064,LL,0.014,interior,103.25,241.827
SE_1440,Ale,32446.0,7,15900.0,385.8,4.0,3.0,-1.191,-1.2,-0.667,-0.33,-0.33,0.7812246750534908,0.9927053949436064,ns,0.132,interior,97.446,453.663
SE_1276,Klippan,17723.0,8,10373.0,318.1,10.0,0.0,-0.056,-0.137,-0.702,-0.328,-0.328,0.7191282935563796,0.9927053949436064,ns,0.774,interior,309.662,562.229
SE_1907,Surahammar,9934.0,4,5545.0,340.1,5.0,0.0,-0.684,-0.616,-0.598,-0.32,-0.32,0.7647873230314759,0.9927053949436064,ns,0.839,interior,193.364,168.836
SE_1962,Norberg,5517.0,3,3059.0,317.3,5.0,1.0,-0.455,-0.286,-0.463,-0.313,-0.313,0.7356857373025314,0.9927053949436064,ns,0.755,interior,175.107,164.882
SE_0319,Älvkarleby,9572.0,4,5126.0,332.8,7.0,0.0,-0.563,-0.426,-0.491,-0.307,-0.307,0.7021062013983522,0.9927053949436064,ns,0.606,interior,254.712,85.67
SE_0125,Ekerö,28808.0,5,13271.0,437.0,5.0,2.0,-1.692,-1.614,-0.386,-0.298,-0.298,0.8860236714450105,0.9927053949436064,ns,0.096,interior,286.658,122.371
SE_1781,Kristinehamn,23817.0,11,12922.0,315.8,19.0,0.0,0.225,0.226,-0.445,-0.279,-0.279,0.8050712541601912,0.9927053949436064,ns,0.699,interior,102.81,289.556
SE_0604,Aneby,6852.0,3,4127.0,344.0,7.0,1.0,-0.498,-0.458,-0.313,-0.262,-0.262,0.623687045715855,0.9927053949436064,ns,0.481,interior,198.354,351.36
SE_1060,Olofström,13061.0,8,7113.0,316.6,31.0,0.0,0.257,0.376,0.0,-0.261,-0.261,0.8557192560203067,0.9927053949436064,ns,0.567,interior,321.399,490.344
SE_0117,Österåker,49282.0,11,22989.0,409.0,46.0,0.0,-0.777,-0.766,0.323,-0.251,-0.251,0.7641823799661045,0.9927053949436064,ns,0.624,interior,323.393,63.191
SE_0687,Tranås,18755.0,6,9173.0,333.1,5.0,1.0,-0.617,-0.462,-0.692,-0.246,-0.246,0.6951568755771582,0.9927053949436064,ns,0.06,interior,193.673,335.121
SE_1466,Herrljunga,9441.0,4,5509.0,336.7,7.0,0.0,-0.447,-0.417,-0.433,-0.24,-0.24,0.66309306743278,0.9927053949436064,ns,0.397,interior,114.765,413.909
SE_1780,Karlstad,97233.0,24,47011.0,350.7,31.0,0.0,0.082,-0.083,-0.447,-0.23,-0.23,0.8706948017230356,0.9927053949436064,ns,0.237,interior,68.521,296.743
SE_0883,Västervik,36434.0,17,18907.0,320.6,60.0,2.0,0.794,0.83,0.254,-0.224,-0.224,0.7986805058066109,0.9927053949436064,ns,0.756,interior,269.156,269.673
SE_2463,Åsele,2718.0,3,1688.0,295.0,17.0,3.0,0.193,0.343,0.009,-0.216,-0.216,0.8269975831777631,0.9927053949436064,ns,0.387,interior,121.567,125.263
SE_1489,Alingsås,42382.0,9,21007.0,363.0,5.0,0.0,-0.925,-0.999,-0.959,-0.203,-0.203,0.7264890713602832,0.9927053949436064,ns,0.761,interior,94.391,436.498
SE_0461,Gnesta,11520.0,5,5755.0,340.2,8.0,0.0,-0.59,-0.387,-0.349,-0.202,-0.202,0.957812326809176,0.9927053949436064,ns,0.264,interior,268.795,160.053
SE_0562,Finspång,21694.0,8,11725.0,338.1,6.0,0.0,-0.486,-0.511,-0.729,-0.197,-0.197,0.9800971927310256,0.9927053949436064,ns,0.239,interior,211.523,230.171
SE_1381,Laholm,26565.0,13,16336.0,330.5,20.0,11.0,0.522,0.285,-0.079,-0.194,-0.194,0.8436021539736928,0.9927053949436064,ns,0.282,interior,264.146,521.528
SE_1785,Säffle,15011.0,9,8808.0,307.8,19.0,0.0,0.417,0.4,-0.265,-0.193,-0.193,0.8398495492327056,0.9927053949436064,ns,0.478,interior,34.188,340.997
SE_2380,Östersund,64881.0,23,33977.0,345.7,79.0,5.0,0.758,0.611,0.531,-0.173,-0.173,0.7974844690402347,0.9927053949436064,ns,0.317,interior,54.89,253.509
SE_1486,Strömstad,13476.0,8,7290.0,355.5,81.0,0.0,0.164,0.282,0.66,-0.173,-0.173,0.9780815645861008,0.9927053949436064,ns,0.363,Norway,0.0,455.964
SE_0483,Katrineholm,34324.0,12,16756.0,319.5,10.0,1.0,-0.068,0.016,-0.733,-0.173,-0.173,0.8582585134034627,0.9927053949436064,ns,0.669,interior,209.058,193.892
SE_1862,Degerfors,9357.0,4,5451.0,321.5,3.0,0.0,-0.435,-0.4,-0.681,-0.165,-0.165,0.7147305128638527,0.9927053949436064,ns,0.793,interior,132.819,279.267
SE_1452,Tranemo,11883.0,5,6915.0,344.4,4.0,0.0,-0.589,-0.606,-0.561,-0.155,-0.155,0.9607069094093736,0.9927053949436064,ns,0.327,interior,166.491,424.888
SE_2425,Dorotea,2339.0,2,1499.0,310.0,8.0,4.0,-0.024,0.102,-0.016,-0.15,-0.15,0.716264532609746,0.9927053949436064,ns,0.295,interior,23.141,200.551
SE_0380,Uppsala,245329.0,42,91337.0,349.1,51.0,3.0,0.16,0.344,-0.263,-0.13,-0.13,0.8997413592377838,0.9927053949436064,ns,0.209,interior,252.592,49.12
SE_1442,Vårgårda,12384.0,5,6937.0,357.3,6.0,1.0,-0.599,-0.57,-0.305,-0.128,-0.128,0.9448987561630835,0.9927053949436064,ns,0.443,interior,109.089,430.166
SE_2101,Ockelbo,5758.0,5,3356.0,305.0,15.0,1.0,0.199,0.343,-0.027,-0.116,-0.116,0.9800902670431063,0.9927053949436064,ns,0.782,interior,179.961,131.826
SE_0139,Upplands-Bro,32453.0,7,13033.0,367.4,4.0,0.0,-1.261,-0.949,-0.673,-0.111,-0.111,0.975246010429064,0.9927053949436064,ns,0.954,interior,285.296,107.492
SE_0127,Botkyrka,95592.0,16,31721.0,327.5,4.0,0.0,-1.012,-0.518,-1.592,-0.089,-0.089,0.9824360287890175,0.9927053949436064,LL,0.001,interior,308.727,130.261
SE_1761,Hammarö,16940.0,4,8821.0,409.7,3.0,0.0,-1.309,-1.277,-0.389,-0.084,-0.084,0.9717747489650569,0.9927053949436064,ns,0.257,interior,88.132,323.597
SE_2031,Rättvik,11042.0,9,7465.0,309.3,33.0,3.0,0.889,0.734,0.224,-0.078,-0.078,0.8772678596519686,0.9927053949436064,ns,0.305,interior,114.664,199.926
SE_2282,Kramfors,17631.0,13,10356.0,308.1,56.0,3.0,1.082,1.075,0.456,-0.06,-0.06,0.9896310070873395,0.996503444636557,LH,0.039,interior,194.514,103.96
SE_1491,Ulricehamn,25087.0,11,14683.0,345.0,12.0,9.0,0.137,-0.018,-0.046,-0.048,-0.048,0.9986150872242452,0.9998321088076876,ns,0.927,interior,141.898,404.071
SE_1287,Trelleborg,46936.0,14,23976.0,343.3,14.0,0.0,-0.105,-0.19,-0.491,-0.042,-0.042,0.9016986454132695,0.9927053949436064,ns,0.792,interior,391.535,616.601
SE_1231,Burlöv,19844.0,7,8513.0,325.6,5.0,0.0,-0.575,-0.221,-0.547,-0.02,-0.02,0.9475437008122488,0.9927053949436064,ns,0.998,interior,370.211,615.547
SE_0114,Upplands Väsby,50110.0,9,19303.0,365.8,3.0,0.0,-1.325,-1.03,-0.903,-0.015,-0.015,0.9388880589955622,0.9927053949436064,ns,0.427,interior,302.624,101.922
SE_0643,Habo,13275.0,4,7104.0,384.6,4.0,0.0,-0.94,-0.879,-0.258,-0.005,-0.005,0.9413546157340811,0.9927053949436064,ns,0.191,interior,166.415,365.361
SE_2039,Älvdalen,6929.0,9,4935.0,317.8,115.0,47.0,1.364,1.254,1.127,-0.001,-0.001,0.9357357746515087,0.9927053949436064,ns,0.245,Norway,0.0,276.446
SE_0330,Knivsta,20714.0,4,9908.0,419.1,4.0,0.0,-1.385,-1.274,-0.238,0.0,0.0,0.8588576671356564,0.9927053949436064,ns,0.334,interior,287.122,76.916
SE_2081,Borlänge,51735.0,21,28695.0,334.5,29.0,22.0,0.866,0.67,0.304,0.013,0.013,0.9527121348240153,0.9927053949436064,ns,0.795,interior,137.051,189.491
SE_1495,Skara,18654.0,10,10335.0,344.2,35.0,1.0,0.262,0.284,0.392,0.018,0.018,0.8809447621512416,0.9927053949436064,ns,0.86,interior,105.357,368.094
SE_1496,Skövde,57763.0,16,31233.0,369.1,16.0,2.0,-0.198,-0.467,-0.237,0.022,0.022,0.9151511013038963,0.9927053949436064,HL,0.035,interior,123.338,345.81
SE_0428,Vingåker,8856.0,5,5056.0,310.5,4.0,1.0,-0.048,0.046,-0.375,0.023,0.023,0.9107884512312511,0.9927053949436064,ns,0.443,interior,210.201,217.178
SE_2084,Avesta,22753.0,10,13354.0,332.6,10.0,1.0,0.11,-0.026,-0.325,0.034,0.034,0.9998321088076876,0.9998321088076876,ns,0.65,interior,190.156,134.65
SE_1402,Partille,40730.0,7,16696.0,410.2,4.0,0.0,-1.556,-1.351,-0.428,0.034,0.034,0.8646071707014242,0.9927053949436064,HH,0.039,interior,127.741,487.862
SE_1267,Höör,17376.0,8,9549.0,351.0,17.0,0.0,-0.108,-0.085,0.103,0.051,0.051,0.9060053800305499,0.9927053949436064,ns,0.315,interior,332.643,561.728
SE_0561,Åtvidaberg,11460.0,6,6348.0,331.1,6.0,0.0,-0.23,-0.148,-0.264,0.054,0.054,0.8525682455365771,0.9927053949436064,ns,0.686,interior,249.145,267.965
SE_2403,Bjurholm,2348.0,3,1464.0,300.2,8.0,3.0,0.223,0.385,0.155,0.063,0.063,0.8654557443934434,0.9927053949436064,ns,0.206,interior,208.332,83.141
SE_2121,Ovanåker,11525.0,8,6891.0,315.1,17.0,2.0,0.473,0.483,0.101,0.064,0.064,0.9381981735431818,0.9927053949436064,ns,0.399,interior,126.104,191.042
SE_1861,Hallsberg,16232.0,7,9102.0,336.2,6.0,0.0,-0.229,-0.232,-0.358,0.072,0.072,0.9624552180957616,0.9927053949436064,ns,0.686,interior,166.872,245.481
SE_1264,Skurup,16861.0,6,9252.0,350.0,5.0,0.0,-0.471,-0.464,-0.358,0.075,0.075,0.9263620649439048,0.9927053949436064,ns,0.354,interior,385.965,607.126
SE_1278,Båstad,15912.0,8,9436.0,347.2,19.0,0.0,0.099,0.03,0.166,0.077,0.077,0.9761043695621465,0.9927053949436064,ns,0.403,interior,276.569,557.215
SE_0140,Nykvarn,12107.0,3,6139.0,429.6,5.0,0.0,-1.185,-1.05,0.064,0.098,0.098,0.9635068989296821,0.9927053949436064,ns,0.263,interior,284.73,145.343
SE_2082,Säter,11243.0,7,7126.0,341.2,12.0,0.0,0.077,-0.021,0.044,0.101,0.101,0.7848800129981637,0.9927053949436064,ns,0.796,interior,144.081,168.057
SE_1983,Köping,25978.0,10,13607.0,327.7,7.0,0.0,-0.091,-0.073,-0.512,0.102,0.102,0.9331457573650215,0.9927053949436064,ns,0.171,interior,175.546,182.98
SE_2184,Hudiksvall,37645.0,20,21708.0,335.0,89.0,2.0,1.188,1.031,0.914,0.105,0.105,0.8911014900428988,0.9927053949436064,ns,0.357,interior,187.444,162.373
SE_1080,Karlskrona,66420.0,25,35140.0,354.0,107.0,2.0,0.959,0.802,1.073,0.109,0.109,0.9574067253851255,0.9927053949436064,ns,0.11,interior,353.493,450.926
SE_0821,Högsby,5438.0,5,3114.0,274.3,6.0,2.0,0.575,0.775,-0.161,0.112,0.112,0.9256857281919655,0.9927053949436064,ns,0.14,interior,297.277,360.527
SE_2482,Skellefteå,76542.0,26,40341.0,369.8,101.0,12.0,0.742,0.528,1.155,0.113,0.113,0.8462791509752521,0.9927053949436064,ns,0.263,interior,223.97,73.344
SE_2280,Härnösand,24654.0,11,12604.0,322.5,15.0,3.0,0.312,0.421,-0.024,0.125,0.125,0.9823133374300133,0.9927053949436064,ns,0.098,interior,203.557,133.454
SE_2303,Ragunda,5135.0,5,3363.0,305.3,8.0,4.0,0.451,0.474,0.123,0.133,0.133,0.8995061463705992,0.9927053949436064,ns,0.092,interior,101.222,184.676
SE_0123,Järfälla,86330.0,14,32596.0,370.9,6.0,1.0,-1.068,-0.821,-0.684,0.137,0.137,0.9335242659617683,0.9927053949436064,HL,0.019,interior,303.399,112.285
SE_2026,Gagnef,10430.0,7,6727.0,338.9,18.0,0.0,0.29,0.193,0.259,0.145,0.145,0.863324940533573,0.9927053949436064,ns,0.195,interior,106.104,213.4
SE_0862,Emmaboda,9056.0,7,5327.0,308.7,17.0,0.0,0.511,0.593,0.175,0.147,0.147,0.9052553336731881,0.9927053949436064,HH,0.037,interior,323.527,418.218
SE_2305,Bräcke,6099.0,6,3764.0,304.8,14.0,3.0,0.548,0.628,0.244,0.153,0.153,0.8082901675649177,0.9927053949436064,ns,0.089,interior,111.295,211.346
SE_1460,Bengtsfors,9138.0,8,5567.0,304.7,23.0,0.0,0.748,0.791,0.292,0.16,0.16,0.8403423976982949,0.9927053949436064,ns,0.142,Norway,0.605,394.505
SE_1261,Kävlinge,32430.0,9,17420.0,396.0,10.0,0.0,-0.707,-0.836,-0.023,0.161,0.161,0.8131945798580669,0.9927053949436064,ns,0.344,interior,350.036,596.208
SE_0682,Nässjö,31648.0,12,16855.0,335.3,11.0,0.0,0.069,0.022,-0.289,0.167,0.167,0.8890683847335638,0.9927053949436064,ns,0.283,interior,209.831,364.656
SE_1784,Arvika,25682.0,15,15514.0,331.3,42.0,1.0,0.896,0.728,0.517,0.176,0.176,0.7819747749056718,0.9927053949436064,ns,0.513,Norway,0.0,344.406
SE_2418,Malå,2990.0,3,1801.0,328.1,10.0,5.0,0.13,0.301,0.394,0.181,0.181,0.879219323701204,0.9927053949436064,ns,0.072,interior,152.325,204.626
SE_1981,Sala,22853.0,11,12458.0,327.6,17.0,2.0,0.39,0.405,0.096,0.182,0.182,0.938235088880705,0.9927053949436064,ns,0.333,interior,199.797,133.284
SE_0382,Östhammar,22172.0,11,12550.0,344.2,29.0,1.0,0.394,0.349,0.43,0.192,0.192,0.8892353583206146,0.9927053949436064,ns,0.953,interior,283.403,13.024
SE_1764,Grums,9057.0,6,5234.0,321.4,7.0,1.0,0.119,0.202,-0.002,0.199,0.199,0.8027954273297305,0.9927053949436064,ns,0.303,interior,53.688,346.316
SE_2182,Söderhamn,24858.0,14,13770.0,313.3,24.0,1.0,0.804,0.804,0.15,0.203,0.203,0.8187860846705672,0.9927053949436064,ns,0.257,interior,199.935,133.678
SE_1730,Eda,8499.0,6,5250.0,323.5,8.0,4.0,0.31,0.319,0.167,0.213,0.213,0.8985788611729436,0.9927053949436064,ns,0.508,Norway,0.0,370.768
SE_0685,Vetlanda,27498.0,13,15652.0,332.4,13.0,3.0,0.385,0.275,-0.025,0.217,0.217,0.7423957103604133,0.9927053949436064,ns,0.571,interior,238.236,357.002
SE_2083,Hedemora,15345.0,10,9365.0,322.6,19.0,3.0,0.654,0.581,0.283,0.226,0.226,0.8379680294506983,0.9927053949436064,ns,0.328,interior,169.969,151.192
SE_1214,Svalöv,14544.0,6,8351.0,344.1,3.0,0.0,-0.357,-0.382,-0.353,0.231,0.231,0.8740639389108906,0.9927053949436064,ns,0.825,interior,324.177,576.265
SE_2584,Kiruna,22433.0,12,13806.0,407.8,213.0,16.0,0.581,0.393,1.776,0.237,0.237,0.8336612245501867,0.9927053949436064,ns,0.216,Norway,0.0,0.0
SE_0684,Sävsjö,11668.0,7,6582.0,319.6,7.0,1.0,0.193,0.273,-0.025,0.263,0.263,0.8134613138643928,0.9927053949436064,ns,0.053,interior,227.121,400.413
SE_0761,Lessebo,8342.0,6,4222.0,305.0,11.0,1.0,0.319,0.615,0.2,0.266,0.266,0.8452559389345379,0.9927053949436064,HH,0.004,interior,309.594,415.607
SE_0120,Värmdö,46637.0,11,19957.0,415.1,37.0,0.0,-0.696,-0.502,0.782,0.281,0.281,0.8179762646694222,0.9927053949436064,ns,0.059,interior,338.852,50.864
SE_1488,Trollhättan,59073.0,16,28603.0,342.9,9.0,0.0,-0.116,-0.158,-0.545,0.286,0.286,0.8487838360682276,0.9927053949436064,ns,0.663,interior,71.877,435.203
SE_1291,Simrishamn,18962.0,14,11108.0,308.9,49.0,0.0,1.282,1.28,0.697,0.298,0.298,0.8067458428857224,0.9927053949436064,ns,0.53,interior,380.357,566.185
SE_0360,Tierp,21193.0,11,11230.0,320.1,17.0,0.0,0.485,0.576,0.149,0.298,0.298,0.832595186355667,0.9927053949436064,ns,0.631,interior,252.482,55.704
SE_1260,Bjuv,15968.0,6,8854.0,326.6,0.0,0.0,-0.591,-0.596,-0.964,0.298,0.298,0.7070774899175332,0.9927053949436064,ns,0.616,interior,318.332,581.893
SE_1494,Lidköping,40539.0,16,23112.0,355.5,24.0,0.0,0.352,0.127,0.282,0.31,0.31,0.6762428231767147,0.9927053949436064,ns,0.392,interior,71.45,366.002
SE_1482,Kungälv,49785.0,12,26021.0,402.3,12.0,0.0,-0.644,-0.838,0.088,0.312,0.312,0.736122873387297,0.9927053949436064,ns,0.397,interior,98.877,474.068
SE_2462,Vilhelmina,6263.0,8,4114.0,305.9,57.0,8.0,1.272,1.299,0.979,0.322,0.322,0.7603362160352133,0.9927053949436064,ns,0.171,Norway,0.0,197.185
SE_0840,Mörbylånga,16144.0,10,9857.0,349.4,45.0,0.0,0.643,0.557,0.842,0.322,0.322,0.8218211572321688,0.9927053949436064,ns,0.698,interior,375.631,394.914
SE_0881,Nybro,20145.0,12,11540.0,311.2,14.0,4.0,0.794,0.78,0.142,0.326,0.326,0.8183745885781382,0.9927053949436064,ns,0.127,interior,316.762,384.776
SE_1382,Falkenberg,47108.0,21,26368.0,336.5,38.0,1.0,0.908,0.724,0.479,0.343,0.343,0.6535935699993131,0.9927053949436064,ns,0.203,interior,191.051,491.413
SE_0686,Eksjö,17750.0,10,9447.0,335.0,18.0,2.0,0.344,0.452,0.411,0.346,0.346,0.6444846687520273,0.9927053949436064,ns,0.883,interior,231.66,350.195
SE_2514,Kalix,15547.0,10,9713.0,330.6,20.0,1.0,0.656,0.54,0.41,0.349,0.349,0.7625197335199535,0.9927053949436064,ns,0.308,interior,261.896,22.473
SE_1984,Arboga,14002.0,8,7622.0,322.9,7.0,1.0,0.193,0.295,0.023,0.351,0.351,0.6911731015137021,0.9927053949436064,ns,0.095,interior,191.143,203.019
SE_1443,Bollebygd,9733.0,4,5497.0,382.5,2.0,1.0,-0.611,-0.551,0.089,0.354,0.354,0.7550846174646035,0.9927053949436064,ns,0.167,interior,130.881,454.594
SE_2422,Sorsele,2387.0,4,1546.0,318.2,52.0,4.0,0.791,0.939,0.97,0.363,0.363,0.7130282420865967,0.9927053949436064,ns,0.062,Norway,0.0,230.337
SE_1472,Tibro,11332.0,6,6415.0,331.5,2.0,0.0,-0.225,-0.172,-0.287,0.368,0.368,0.6108946193457799,0.9927053949436064,HL,0.034,interior,149.239,333.692
SE_1471,Götene,13218.0,8,8157.0,347.5,15.0,2.0,0.334,0.257,0.466,0.388,0.388,0.7253048915339049,0.9927053949436064,ns,0.627,interior,99.236,357.389
SE_0860,Hultsfred,13883.0,11,7717.0,300.7,20.0,4.0,0.998,1.131,0.451,0.401,0.401,0.6626373365588973,0.9927053949436064,ns,0.882,interior,275.639,337.877
SE_1883,Karlskoga,30261.0,11,16586.0,347.1,8.0,0.0,-0.003,-0.097,-0.131,0.406,0.406,0.7868229573645331,0.9927053949436064,HL,0.047,interior,123.842,263.671
SE_1419,Tjörn,16146.0,8,9579.0,382.4,33.0,0.0,0.142,0.072,0.872,0.414,0.414,0.776791520013661,0.9927053949436064,ns,0.758,interior,87.369,486.94
SE_1257,Örkelljunga,10433.0,7,6064.0,314.9,4.0,0.0,0.201,0.257,-0.118,0.415,0.415,0.5831758592215932,0.9927053949436064,ns,0.879,interior,295.847,533.396
SE_2521,Pajala,5871.0,6,3708.0,316.0,16.0,0.0,0.639,0.697,0.531,0.42,0.42,0.6493695678803194,0.9927053949436064,ns,0.691,Finland,53.066,0.0
SE_0381,Enköping,48292.0,16,24893.0,354.1,14.0,2.0,0.131,0.042,0.107,0.427,0.427,0.6536634314938026,0.9927053949436064,ns,0.208,interior,238.192,108.917
SE_1262,Lomma,24627.0,5,12158.0,461.3,3.0,0.0,-1.401,-1.374,0.189,0.44,0.44,0.6375135051963552,0.9927053949436064,ns,0.395,interior,358.948,608.023
SE_2401,Nordmaling,7033.0,6,4217.0,328.4,8.0,1.0,0.297,0.38,0.37,0.446,0.446,0.5244076689994778,0.9927053949436064,ns,0.468,interior,231.873,47.386
SE_1384,Kungsbacka,85653.0,16,45672.0,419.0,12.0,0.0,-0.703,-1.115,0.058,0.461,0.461,0.7248374885138,0.9927053949436064,ns,0.107,interior,148.103,495.413
SE_1860,Laxå,5497.0,6,3296.0,309.1,17.0,1.0,0.75,0.894,0.652,0.498,0.498,0.6235982007931185,0.9927053949436064,ns,0.535,interior,143.969,279.345
SE_0665,Vaggeryd,14811.0,9,8231.0,360.4,42.0,1.0,0.461,0.54,1.049,0.502,0.502,0.645722441005244,0.9927053949436064,ns,0.489,interior,192.411,407.869
SE_2513,Överkalix,3162.0,5,2120.0,298.7,16.0,1.0,0.907,0.991,0.682,0.51,0.51,0.5708205387807854,0.9927053949436064,ns,0.535,interior,193.347,19.524
SE_0191,Sigtuna,52529.0,16,20776.0,349.9,27.0,1.0,0.046,0.465,0.605,0.528,0.528,0.6364007600609334,0.9927053949436064,ns,0.374,interior,287.436,83.289
SE_1470,Vara,16066.0,9,10033.0,328.2,5.0,0.0,0.364,0.223,-0.031,0.577,0.577,0.6054044429129657,0.9927053949436064,ns,0.908,interior,89.594,396.203
SE_1292,Ängelholm,44866.0,16,25062.0,358.8,16.0,0.0,0.303,0.087,0.296,0.591,0.591,0.5950056814242979,0.9927053949436064,ns,0.24,interior,289.907,555.681
SE_2260,Ånge,9109.0,8,5571.0,320.0,21.0,2.0,0.899,0.946,0.794,0.598,0.598,0.6430610602422195,0.9927053949436064,HH,0.041,interior,130.442,216.915
SE_1230,Staffanstorp,27152.0,7,13539.0,403.3,2.0,0.0,-0.951,-0.929,-0.019,0.606,0.606,0.5145878323856073,0.9927053949436064,ns,0.508,interior,366.159,607.944
SE_2481,Lycksele,12213.0,9,7211.0,337.8,17.0,3.0,0.615,0.644,0.753,0.608,0.608,0.48532291093294466,0.9927053949436064,ns,0.537,interior,156.428,117.203
SE_1463,Mark,35287.0,14,20558.0,342.2,7.0,0.0,0.285,0.055,-0.14,0.623,0.623,0.5376132255882137,0.9927053949436064,ns,0.464,interior,146.664,466.902
SE_2021,Vansbro,6728.0,7,4444.0,313.2,7.0,2.0,0.76,0.739,0.48,0.633,0.633,0.4594180707512726,0.9927053949436064,ns,0.321,interior,71.223,248.177
SE_1737,Torsby,11387.0,14,7786.0,325.6,132.0,39.0,1.951,1.828,1.897,0.636,0.636,0.4741444274015752,0.9927053949436064,ns,0.925,Norway,0.0,303.918
SE_2417,Norsjö,3924.0,4,2414.0,323.1,3.0,2.0,0.366,0.498,0.505,0.639,0.639,0.5632091466269895,0.9927053949436064,ns,0.108,interior,202.616,144.775
SE_1263,Svedala,23470.0,6,12067.0,393.9,1.0,0.0,-0.91,-0.902,-0.136,0.643,0.643,0.6271199664921154,0.9927053949436064,ns,0.162,interior,377.144,613.866
SE_0583,Motala,43728.0,19,22941.0,332.2,26.0,0.0,0.852,0.824,0.53,0.651,0.651,0.5677442812091118,0.9927053949436064,ns,0.735,interior,179.402,265.707
SE_0305,Håbo,22974.0,8,11930.0,392.5,5.0,2.0,-0.45,-0.419,0.436,0.655,0.655,0.49389923498252486,0.9927053949436064,ns,0.638,interior,277.416,104.107
SE_2262,Timrå,17540.0,10,10367.0,348.6,13.0,0.0,0.413,0.348,0.562,0.667,0.667,0.4745243549050976,0.9927053949436064,ns,0.109,interior,204.778,160.9
SE_0512,Ydre,3637.0,4,2165.0,327.5,8.0,2.0,0.481,0.666,0.764,0.678,0.678,0.5672943869759354,0.9927053949436064,ns,0.655,interior,221.26,332.708
SE_0581,Norrköping,145163.0,41,65825.0,342.5,56.0,6.0,1.092,1.081,0.853,0.697,0.697,0.4744768875354845,0.9927053949436064,ns,0.948,interior,227.468,216.557
SE_1765,Årjäng,9893.0,9,6397.0,343.0,30.0,1.0,0.881,0.823,1.082,0.697,0.697,0.4214086468629064,0.9927053949436064,ns,0.683,Norway,0.0,383.266
SE_0513,Kinda,9992.0,8,5797.0,339.7,26.0,3.0,0.744,0.847,1.057,0.7,0.7,0.5441202427957014,0.9927053949436064,ns,0.94,interior,236.684,295.339
SE_0861,Mönsterås,13134.0,8,7623.0,333.0,6.0,0.0,0.344,0.368,0.32,0.71,0.71,0.502240736942181,0.9927053949436064,ns,0.893,interior,324.913,356.802
SE_1273,Osby,13106.0,10,7400.0,317.6,15.0,0.0,0.823,0.926,0.643,0.724,0.724,0.44407910292170544,0.9927053949436064,ns,0.935,interior,301.355,492.133
SE_0767,Markaryd,10076.0,8,5918.0,319.8,8.0,0.0,0.609,0.681,0.472,0.73,0.73,0.43001661939837926,0.9927053949436064,ns,0.217,interior,273.21,504.214
SE_1082,Karlshamn,31996.0,21,17412.0,332.1,110.0,0.0,1.608,1.658,1.722,0.731,0.731,0.43123319081800293,0.9927053949436064,ns,0.698,interior,332.685,482.535
SE_1881,Kumla,22516.0,9,12203.0,353.3,3.0,1.0,-0.077,-0.085,0.105,0.743,0.743,0.5175425582499315,0.9927053949436064,ns,0.742,interior,174.346,245.891
SE_1499,Falköping,32991.0,17,18396.0,334.3,21.0,5.0,0.94,0.869,0.73,0.743,0.743,0.4635745102855069,0.9927053949436064,ns,0.118,interior,122.418,368.187
SE_0683,Värnamo,34601.0,15,19731.0,361.8,17.0,1.0,0.439,0.267,0.664,0.769,0.769,0.3933877935096039,0.9927053949436064,HH,0.032,interior,219.655,422.573
SE_1980,Västerås,159662.0,36,73273.0,357.8,21.0,5.0,0.448,0.29,0.163,0.782,0.782,0.4018114832575661,0.9927053949436064,ns,0.197,interior,213.887,144.866
SE_2581,Piteå,42344.0,19,25541.0,363.0,30.0,2.0,0.806,0.487,0.956,0.792,0.792,0.38932132148985993,0.9927053949436064,ns,0.655,interior,209.881,106.711
SE_1462,Lilla Edet,14426.0,7,7964.0,351.4,4.0,0.0,0.039,0.103,0.364,0.826,0.826,0.5244755650775254,0.9927053949436064,ns,0.633,interior,72.15,454.097
SE_1315,Hylte,10299.0,8,5744.0,327.9,9.0,0.0,0.556,0.701,0.664,0.83,0.83,0.3574645283523823,0.9927053949436064,HH,0.041,interior,218.199,479.862
SE_2326,Berg,7140.0,10,4590.0,304.8,35.0,22.0,1.69,1.752,1.437,0.832,0.832,0.4131531886257841,0.9927053949436064,ns,0.557,Norway,0.0,296.557
SE_1380,Halmstad,105796.0,32,52763.0,342.7,26.0,1.0,0.864,0.688,0.344,0.833,0.833,0.39917013594407214,0.9927053949436064,ns,0.147,interior,230.44,510.777
SE_2480,Umeå,133091.0,36,58378.0,356.2,52.0,5.0,0.782,0.839,1.081,0.834,0.834,0.36168555052164614,0.9927053949436064,ns,0.894,interior,273.57,22.097
SE_1447,Gullspång,5119.0,6,3018.0,293.2,5.0,0.0,0.838,1.02,0.515,0.838,0.838,0.41087050340199927,0.9927053949436064,ns,0.954,interior,102.81,307.675
SE_1485,Uddevalla,57045.0,21,30401.0,346.2,20.0,1.0,0.721,0.57,0.528,0.839,0.839,0.4689265146100796,0.9927053949436064,ns,0.637,interior,50.612,449.489
SE_0580,Linköping,167404.0,38,70268.0,353.6,36.0,1.0,0.563,0.627,0.561,0.858,0.858,0.3876682717121784,0.9927053949436064,ns,0.246,interior,214.048,267.862
SE_1481,Mölndal,70534.0,14,32950.0,418.0,6.0,0.0,-0.872,-0.97,0.247,0.863,0.863,0.32628604900244274,0.9927053949436064,ns,0.179,interior,136.195,495.21
SE_0760,Uppvidinge,9263.0,8,5249.0,322.3,17.0,0.0,0.872,1.033,0.953,0.864,0.864,0.46392155396738416,0.9927053949436064,ns,0.125,interior,276.865,389.267
SE_0480,Nyköping,58200.0,23,29462.0,343.8,32.0,3.0,0.921,0.9,0.923,0.865,0.865,0.411440830211589,0.9927053949436064,ns,0.083,interior,255.507,175.454
SE_1982,Fagersta,13222.0,9,6762.0,324.5,7.0,1.0,0.492,0.729,0.591,0.876,0.876,0.32344097755499934,0.9927053949436064,ns,0.381,interior,176.779,173.111
SE_2505,Arvidsjaur,6113.0,7,3899.0,337.7,17.0,4.0,0.885,0.937,1.165,0.888,0.888,0.3261328530352848,0.9927053949436064,ns,0.695,interior,139.93,161.858
SE_0486,Strängnäs,38917.0,15,20706.0,365.2,14.0,0.0,0.289,0.21,0.665,0.913,0.913,0.3431283273926543,0.9927053949436064,ns,0.624,interior,245.465,137.298
SE_2062,Mora,20536.0,16,13589.0,338.2,34.0,7.0,1.44,1.193,1.329,0.942,0.942,0.29659064117640943,0.9927053949436064,ns,0.449,interior,44.563,238.15
SE_0331,Heby,14343.0,11,7980.0,316.2,11.0,0.0,0.899,1.017,0.693,0.952,0.952,0.2918825529107059,0.9927053949436064,ns,0.83,interior,227.696,97.247
SE_2313,Strömsund,11113.0,14,7026.0,295.9,46.0,8.0,2.045,2.076,1.46,0.959,0.959,0.3348385592174089,0.9927053949436064,ns,0.898,Norway,0.0,206.166
SE_1401,Härryda,39875.0,10,18730.0,430.4,10.0,1.0,-0.648,-0.585,0.932,0.967,0.967,0.38960214943116994,0.9927053949436064,HH,0.038,interior,134.253,477.207
SE_0509,Ödeshög,5279.0,6,3163.0,325.0,8.0,0.0,0.734,0.884,0.92,0.98,0.98,0.2961897310688812,0.9927053949436064,ns,0.699,interior,177.402,326.028
SE_1435,Tanum,12865.0,11,8037.0,337.7,35.0,0.0,1.228,1.192,1.393,0.994,0.994,0.38256545238861306,0.9927053949436064,ns,0.067,Norway,0.0,448.201
SE_0834,Torsås,7002.0,7,4410.0,309.4,4.0,0.0,0.83,0.875,0.56,1.006,1.006,0.33136944308058003,0.9927053949436064,ns,0.384,interior,360.053,434.799
SE_2404,Vindeln,5461.0,7,3144.0,320.3,15.0,3.0,0.995,1.214,1.211,1.006,1.006,0.2597778248837138,0.9927053949436064,ns,0.673,interior,232.093,91.662
SE_2284,Örnsköldsvik,55478.0,30,32328.0,352.7,141.0,9.0,1.892,1.656,2.304,1.021,1.021,0.32210036076992504,0.9927053949436064,ns,0.689,interior,152.048,68.72
SE_0765,Älmhult,17932.0,10,9200.0,357.0,15.0,1.0,0.45,0.627,1.086,1.026,1.026,0.32465158192409427,0.9927053949436064,ns,0.108,interior,282.663,474.179
SE_2523,Gällivare,17330.0,11,10952.0,408.6,65.0,9.0,0.74,0.582,1.979,1.057,1.057,0.30987238061149747,0.9927053949436064,ns,0.399,Norway,0.0,63.232
SE_2361,Härjedalen,10145.0,15,6745.0,321.5,104.0,84.0,2.335,2.314,2.413,1.081,1.081,0.23927793832244015,0.9927053949436064,ns,0.479,Norway,0.0,275.672
SE_0160,Täby,76738.0,12,32135.0,464.9,5.0,1.0,-1.311,-1.267,0.714,1.082,1.082,0.25286286633303373,0.9927053949436064,HL,0.008,interior,314.664,100.831
SE_1441,Lerum,43706.0,11,21069.0,420.9,7.0,0.0,-0.596,-0.597,0.769,1.084,1.084,0.3067369303805696,0.9927053949436064,ns,0.58,interior,110.873,465.426
SE_2309,Krokom,15595.0,12,9854.0,361.0,31.0,6.0,1.125,1.017,1.652,1.18,1.18,0.2540263762375526,0.9927053949436064,ns,0.574,Norway,0.0,281.699
SE_0115,Vallentuna,35076.0,9,16617.0,417.3,3.0,0.0,-0.698,-0.624,0.632,1.188,1.188,0.27730456690996225,0.9927053949436064,ns,0.579,interior,312.313,77.784
SE_2080,Falun,59986.0,25,32339.0,358.3,34.0,13.0,1.173,1.026,1.558,1.217,1.217,0.26766506553376274,0.9927053949436064,ns,0.437,interior,141.851,158.928
SE_0680,Jönköping,146161.0,45,72321.0,356.0,76.0,2.0,1.453,1.258,1.714,1.248,1.248,0.23563472115593398,0.9927053949436064,HL,0.048,interior,169.645,355.376
SE_1415,Stenungsund,27862.0,11,14953.0,401.4,9.0,0.0,0.01,-0.024,1.123,1.287,1.287,0.19198883311159412,0.9927053949436064,ns,0.773,interior,82.398,471.829
SE_1490,Borås,114592.0,35,54268.0,342.5,24.0,0.0,0.996,0.938,0.711,1.333,1.333,0.1700186991601834,0.9927053949436064,ns,0.802,interior,130.27,435.652
SE_2421,Storuman,5621.0,9,3576.0,318.0,30.0,14.0,1.766,1.888,1.912,1.359,1.359,0.20065659177952283,0.9927053949436064,ns,0.128,Norway,0.0,219.105
SE_0880,Kalmar,72304.0,25,36337.0,346.9,15.0,0.0,0.805,0.724,0.71,1.37,1.37,0.18935898057419526,0.9927053949436064,ns,0.232,interior,348.453,386.014
SE_1882,Askersund,11478.0,11,7268.0,335.9,16.0,0.0,1.268,1.236,1.417,1.379,1.379,0.15802154180071645,0.9927053949436064,ns,0.821,interior,166.372,263.808
SE_1285,Eslöv,34775.0,14,17754.0,342.1,2.0,0.0,0.278,0.308,0.233,1.471,1.471,0.13165140101361156,0.9927053949436064,ns,0.874,interior,337.614,576.007
SE_0781,Ljungby,28304.0,21,16428.0,340.6,72.0,2.0,1.898,1.868,2.259,1.497,1.497,0.1496122563332537,0.9927053949436064,HH,0.013,interior,241.952,459.194
SE_2510,Jokkmokk,4728.0,9,2841.0,329.0,67.0,6.0,1.858,2.094,2.367,1.555,1.555,0.10445752255731044,0.9927053949436064,ns,0.17,Norway,0.0,106.651
SE_2023,Malung-Sälen,10260.0,17,7029.0,335.7,142.0,149.0,2.795,2.746,3.277,1.62,1.62,0.09928643004394377,0.9927053949436064,ns,0.851,Norway,0.0,283.042
SE_2506,Arjeplog,2609.0,7,1719.0,329.0,37.0,4.0,1.789,1.968,2.248,1.65,1.65,0.06878914544362898,0.9927053949436064,HH,0.038,Norway,0.0,208.212
SE_0662,Gislaved,29014.0,19,16594.0,349.2,22.0,7.0,1.419,1.372,1.832,1.653,1.653,0.08013444851169964,0.9927053949436064,ns,0.745,interior,191.806,425.663
SE_2180,Gävle,103532.0,34,47944.0,347.7,30.0,1.0,1.158,1.208,1.387,1.655,1.655,0.11515652802501572,0.9927053949436064,ns,0.404,interior,219.045,98.308
SE_0763,Tingsryd,12155.0,16,7398.0,308.0,44.0,0.0,2.26,2.361,2.113,1.669,1.669,0.07540868377356935,0.9927053949436064,ns,0.212,interior,309.495,443.098
SE_1480,Göteborg,604616.0,91,198058.0,363.9,107.0,1.0,1.009,1.408,2.194,1.842,1.842,0.06134297058539624,0.9927053949436064,ns,0.367,interior,115.825,482.631
SE_0764,Alvesta,20040.0,16,11021.0,329.6,16.0,1.0,1.638,1.777,1.883,1.981,1.981,0.06284024735264877,0.9927053949436064,HH,0.003,interior,252.665,434.616
SE_0780,Växjö,97574.0,37,45649.0,346.4,34.0,0.0,1.504,1.591,1.948,2.119,2.119,0.030923192533425382,0.9927053949436064,HH,0.025,interior,256.931,408.832
SE_1493,Mariestad,24647.0,19,14192.0,343.3,30.0,0.0,1.848,1.866,2.342,2.12,2.12,0.04628634038750115,0.9927053949436064,ns,0.872,interior,94.887,322.821
SE_1290,Kristianstad,86560.0,40,45065.0,333.7,41.0,3.0,2.09,2.013,2.097,2.138,2.138,0.03816839177643977,0.9927053949436064,HL,0.043,interior,332.284,509.992
SE_0586,Mjölby,28576.0,17,15634.0,355.3,6.0,0.0,1.235,1.266,1.849,2.491,2.491,0.017119627095655864,0.9927053949436064,ns,0.871,interior,194.471,299.17
SE_2281,Sundsvall,99213.0,44,51157.0,363.2,44.0,9.0,2.142,2.051,3.347,3.039,3.039,0.0024563790540893557,0.3561749628429566,ns,0.593,interior,181.599,172.787
